{
    "train": {
        "accuracy": 1.2356915038128247,
        "loss": 1.207361838506578
    },
    "val": {
        "accuracy": 1.3229324752177816,
        "loss": 1.8928732205730676
    },
    "step": 1
}
