step	accuracy
0	0.6100421358655366
1	1.2356915038128247
