step	loss
0	1.0819589492877035
1	1.207361838506578
